<?xml version="1.0" encoding="UTF-8"?>
<export version="E">
  <design>
    <source>C:\Users\austi\OneDrive\Documents\EE333-Project1\Project1\Project1.kicad_sch</source>
    <date>9/16/2022 8:57:57 PM</date>
    <tool>Eeschema (6.0.7)</tool>
    <sheet number="1" name="/" tstamps="/">
      <title_block>
        <title/>
        <company/>
        <rev/>
        <date/>
        <source>Project1.kicad_sch</source>
        <comment number="1" value=""/>
        <comment number="2" value=""/>
        <comment number="3" value=""/>
        <comment number="4" value=""/>
        <comment number="5" value=""/>
        <comment number="6" value=""/>
        <comment number="7" value=""/>
        <comment number="8" value=""/>
        <comment number="9" value=""/>
      </title_block>
    </sheet>
  </design>
  <components>
    <comp ref="C1">
      <value>100n</value>
      <footprint>Capacitor_THT:C_Rect_L7.0mm_W3.5mm_P5.00mm</footprint>
      <libsource lib="Device" part="C_Small" description="Unpolarized capacitor, small symbol"/>
      <property name="Sheetname" value=""/>
      <property name="Sheetfile" value="Project1.kicad_sch"/>
      <sheetpath names="/" tstamps="/"/>
      <tstamps>9477cf9f-b9c9-4b4e-ac38-e66056ba84d5</tstamps>
    </comp>
    <comp ref="C2">
      <value>100n</value>
      <footprint>Capacitor_THT:C_Rect_L7.0mm_W3.5mm_P5.00mm</footprint>
      <libsource lib="Device" part="C_Small" description="Unpolarized capacitor, small symbol"/>
      <property name="Sheetname" value=""/>
      <property name="Sheetfile" value="Project1.kicad_sch"/>
      <sheetpath names="/" tstamps="/"/>
      <tstamps>90a4f3e5-5b83-4af0-918d-23625aab7718</tstamps>
    </comp>
    <comp ref="C3">
      <value>100n</value>
      <footprint>Capacitor_THT:C_Rect_L7.0mm_W3.5mm_P5.00mm</footprint>
      <libsource lib="Device" part="C_Small" description="Unpolarized capacitor, small symbol"/>
      <property name="Sheetname" value=""/>
      <property name="Sheetfile" value="Project1.kicad_sch"/>
      <sheetpath names="/" tstamps="/"/>
      <tstamps>8dfb01e4-d6c4-4bb5-97b2-335b0dce0d06</tstamps>
    </comp>
    <comp ref="C4">
      <value>100n</value>
      <footprint>Capacitor_THT:C_Rect_L7.0mm_W3.5mm_P5.00mm</footprint>
      <libsource lib="Device" part="C_Small" description="Unpolarized capacitor, small symbol"/>
      <property name="Sheetname" value=""/>
      <property name="Sheetfile" value="Project1.kicad_sch"/>
      <sheetpath names="/" tstamps="/"/>
      <tstamps>a40bde64-f7c1-438a-927b-1f554cd44ce4</tstamps>
    </comp>
    <comp ref="J1">
      <value>Conn_01x03_Female</value>
      <footprint>Connector_PinHeader_2.54mm:PinHeader_1x03_P2.54mm_Vertical</footprint>
      <libsource lib="Connector" part="Conn_01x03_Female" description="Generic connector, single row, 01x03, script generated (kicad-library-utils/schlib/autogen/connector/)"/>
      <property name="Sheetname" value=""/>
      <property name="Sheetfile" value="Project1.kicad_sch"/>
      <sheetpath names="/" tstamps="/"/>
      <tstamps>39f1faf5-c283-4ea4-ad6c-7eab8ef713a4</tstamps>
    </comp>
    <comp ref="J2">
      <value>Conn_01x02_Male</value>
      <footprint>Connector_PinHeader_2.54mm:PinHeader_1x02_P2.54mm_Vertical</footprint>
      <libsource lib="Connector" part="Conn_01x02_Male" description="Generic connector, single row, 01x02, script generated (kicad-library-utils/schlib/autogen/connector/)"/>
      <property name="Sheetname" value=""/>
      <property name="Sheetfile" value="Project1.kicad_sch"/>
      <sheetpath names="/" tstamps="/"/>
      <tstamps>b2b15ee3-dd25-402b-b6db-178d44123166</tstamps>
    </comp>
    <comp ref="R1">
      <value>100k</value>
      <footprint>Resistor_THT:R_Axial_DIN0207_L6.3mm_D2.5mm_P7.62mm_Horizontal</footprint>
      <libsource lib="Device" part="R_US" description="Resistor, US symbol"/>
      <property name="Sheetname" value=""/>
      <property name="Sheetfile" value="Project1.kicad_sch"/>
      <sheetpath names="/" tstamps="/"/>
      <tstamps>4c87afab-c1aa-4bc4-adc3-766bf4b09ae5</tstamps>
    </comp>
    <comp ref="R2">
      <value>1k</value>
      <footprint>Resistor_THT:R_Axial_DIN0207_L6.3mm_D2.5mm_P7.62mm_Horizontal</footprint>
      <libsource lib="Device" part="R_US" description="Resistor, US symbol"/>
      <property name="Sheetname" value=""/>
      <property name="Sheetfile" value="Project1.kicad_sch"/>
      <sheetpath names="/" tstamps="/"/>
      <tstamps>b9e36795-9d3a-4d29-90b4-25e6da13f682</tstamps>
    </comp>
    <comp ref="R3">
      <value>10k</value>
      <footprint>Resistor_THT:R_Axial_DIN0207_L6.3mm_D2.5mm_P7.62mm_Horizontal</footprint>
      <libsource lib="Device" part="R_US" description="Resistor, US symbol"/>
      <property name="Sheetname" value=""/>
      <property name="Sheetfile" value="Project1.kicad_sch"/>
      <sheetpath names="/" tstamps="/"/>
      <tstamps>864f6649-1fb9-4c2a-9455-3b3e0860cb8e</tstamps>
    </comp>
    <comp ref="R4">
      <value>2.2k</value>
      <footprint>Resistor_THT:R_Axial_DIN0207_L6.3mm_D2.5mm_P7.62mm_Horizontal</footprint>
      <libsource lib="Device" part="R_US" description="Resistor, US symbol"/>
      <property name="Sheetname" value=""/>
      <property name="Sheetfile" value="Project1.kicad_sch"/>
      <sheetpath names="/" tstamps="/"/>
      <tstamps>01b6073f-9d62-4e24-837f-f191e1926d84</tstamps>
    </comp>
    <comp ref="R5">
      <value>200k</value>
      <footprint>Resistor_THT:R_Axial_DIN0207_L6.3mm_D2.5mm_P7.62mm_Horizontal</footprint>
      <libsource lib="Device" part="R_US" description="Resistor, US symbol"/>
      <property name="Sheetname" value=""/>
      <property name="Sheetfile" value="Project1.kicad_sch"/>
      <sheetpath names="/" tstamps="/"/>
      <tstamps>77e3b0f0-946e-4f5d-804a-42f05a156337</tstamps>
    </comp>
    <comp ref="R6">
      <value>1k</value>
      <footprint>Resistor_THT:R_Axial_DIN0207_L6.3mm_D2.5mm_P7.62mm_Horizontal</footprint>
      <libsource lib="Device" part="R_US" description="Resistor, US symbol"/>
      <property name="Sheetname" value=""/>
      <property name="Sheetfile" value="Project1.kicad_sch"/>
      <sheetpath names="/" tstamps="/"/>
      <tstamps>8be978b3-0a35-4045-b96f-0d138c88b81a</tstamps>
    </comp>
    <comp ref="R7">
      <value>1k</value>
      <footprint>Resistor_THT:R_Axial_DIN0207_L6.3mm_D2.5mm_P7.62mm_Horizontal</footprint>
      <libsource lib="Device" part="R_US" description="Resistor, US symbol"/>
      <property name="Sheetname" value=""/>
      <property name="Sheetfile" value="Project1.kicad_sch"/>
      <sheetpath names="/" tstamps="/"/>
      <tstamps>6802c5ef-f449-4c9d-877a-910d4c199ac0</tstamps>
    </comp>
    <comp ref="R8">
      <value>1k</value>
      <footprint>Resistor_THT:R_Axial_DIN0207_L6.3mm_D2.5mm_P7.62mm_Horizontal</footprint>
      <libsource lib="Device" part="R_US" description="Resistor, US symbol"/>
      <property name="Sheetname" value=""/>
      <property name="Sheetfile" value="Project1.kicad_sch"/>
      <sheetpath names="/" tstamps="/"/>
      <tstamps>597afe79-6ef2-44d5-8dd7-03d7ac78eeff</tstamps>
    </comp>
    <comp ref="R9">
      <value>1M</value>
      <footprint>Resistor_THT:R_Axial_DIN0207_L6.3mm_D2.5mm_P7.62mm_Horizontal</footprint>
      <libsource lib="Device" part="R_US" description="Resistor, US symbol"/>
      <property name="Sheetname" value=""/>
      <property name="Sheetfile" value="Project1.kicad_sch"/>
      <sheetpath names="/" tstamps="/"/>
      <tstamps>def6cd08-8e0e-435d-b1ec-adb669a15bc1</tstamps>
    </comp>
    <comp ref="R10">
      <value>1k</value>
      <footprint>Resistor_THT:R_Axial_DIN0207_L6.3mm_D2.5mm_P7.62mm_Horizontal</footprint>
      <libsource lib="Device" part="R_US" description="Resistor, US symbol"/>
      <property name="Sheetname" value=""/>
      <property name="Sheetfile" value="Project1.kicad_sch"/>
      <sheetpath names="/" tstamps="/"/>
      <tstamps>a66e907e-3691-40f2-845e-b707c0ce1ccf</tstamps>
    </comp>
    <comp ref="R11">
      <value>500</value>
      <footprint>Resistor_THT:R_Axial_DIN0207_L6.3mm_D2.5mm_P7.62mm_Horizontal</footprint>
      <libsource lib="Device" part="R_US" description="Resistor, US symbol"/>
      <property name="Sheetname" value=""/>
      <property name="Sheetfile" value="Project1.kicad_sch"/>
      <sheetpath names="/" tstamps="/"/>
      <tstamps>19d9895c-7b21-4d8e-bd5a-8dcb7b437591</tstamps>
    </comp>
    <comp ref="R12">
      <value>1k</value>
      <footprint>Resistor_THT:R_Axial_DIN0207_L6.3mm_D2.5mm_P7.62mm_Horizontal</footprint>
      <libsource lib="Device" part="R_US" description="Resistor, US symbol"/>
      <property name="Sheetname" value=""/>
      <property name="Sheetfile" value="Project1.kicad_sch"/>
      <sheetpath names="/" tstamps="/"/>
      <tstamps>390e9fd4-f0d1-49d0-945c-ec88c4c4beec</tstamps>
    </comp>
    <comp ref="RV1">
      <value>50k</value>
      <footprint>Potentiometer_THT:Potentiometer_Bourns_3386P_Vertical</footprint>
      <libsource lib="Device" part="R_Potentiometer_US" description="Potentiometer, US symbol"/>
      <property name="Sheetname" value=""/>
      <property name="Sheetfile" value="Project1.kicad_sch"/>
      <sheetpath names="/" tstamps="/"/>
      <tstamps>7fcbcb9a-2256-4b13-84fe-31175567600a</tstamps>
    </comp>
    <comp ref="RV2">
      <value>10k</value>
      <footprint>Potentiometer_THT:Potentiometer_Bourns_3386P_Vertical</footprint>
      <libsource lib="Device" part="R_Potentiometer_US" description="Potentiometer, US symbol"/>
      <property name="Sheetname" value=""/>
      <property name="Sheetfile" value="Project1.kicad_sch"/>
      <sheetpath names="/" tstamps="/"/>
      <tstamps>41c1f35a-ce37-49b2-a1f5-16932e3a26d1</tstamps>
    </comp>
    <comp ref="RV3">
      <value>5k</value>
      <footprint>Potentiometer_THT:Potentiometer_Bourns_3386P_Vertical</footprint>
      <libsource lib="Device" part="R_Potentiometer_US" description="Potentiometer, US symbol"/>
      <property name="Sheetname" value=""/>
      <property name="Sheetfile" value="Project1.kicad_sch"/>
      <sheetpath names="/" tstamps="/"/>
      <tstamps>2d121c4f-f24d-4b92-9793-946f919228a3</tstamps>
    </comp>
    <comp ref="SW1">
      <value>SW_DP3T</value>
      <footprint>Switches:SW_SP3T</footprint>
      <libsource lib="Switch" part="SW_DP3T" description="Switch, three position, dual pole triple throw, 3 position switch, SP3T"/>
      <property name="Sheetname" value=""/>
      <property name="Sheetfile" value="Project1.kicad_sch"/>
      <sheetpath names="/" tstamps="/"/>
      <tstamps>cec02b4a-91fe-4294-81d6-7d4d41da17be</tstamps>
    </comp>
    <comp ref="SW2">
      <value>SW_DPDT_x2</value>
      <footprint>Connector_PinSocket_2.54mm:PinSocket_1x03_P2.54mm_Vertical</footprint>
      <libsource lib="Switch" part="SW_DPDT_x2" description="Switch, dual pole double throw, separate symbols"/>
      <property name="Sheetname" value=""/>
      <property name="Sheetfile" value="Project1.kicad_sch"/>
      <sheetpath names="/" tstamps="/"/>
      <tstamps>3b8e4d6e-f718-4db0-8d73-207acfc58f9f</tstamps>
    </comp>
    <comp ref="TP1">
      <value>Square Wave</value>
      <footprint>TestPoint:TestPoint_Keystone_5010-5014_Multipurpose</footprint>
      <libsource lib="Connector" part="TestPoint" description="test point"/>
      <property name="Sheetname" value=""/>
      <property name="Sheetfile" value="Project1.kicad_sch"/>
      <sheetpath names="/" tstamps="/"/>
      <tstamps>cbfe663a-d0ee-466e-9037-c9be867211ec</tstamps>
    </comp>
    <comp ref="TP2">
      <value>Triangle Wave</value>
      <footprint>TestPoint:TestPoint_Keystone_5010-5014_Multipurpose</footprint>
      <libsource lib="Connector" part="TestPoint" description="test point"/>
      <property name="Sheetname" value=""/>
      <property name="Sheetfile" value="Project1.kicad_sch"/>
      <sheetpath names="/" tstamps="/"/>
      <tstamps>1638ffeb-84ff-47ec-9b7a-c6a205e53cab</tstamps>
    </comp>
    <comp ref="TP3">
      <value>Sine Wave</value>
      <footprint>TestPoint:TestPoint_Keystone_5010-5014_Multipurpose</footprint>
      <libsource lib="Connector" part="TestPoint" description="test point"/>
      <property name="Sheetname" value=""/>
      <property name="Sheetfile" value="Project1.kicad_sch"/>
      <sheetpath names="/" tstamps="/"/>
      <tstamps>fcbda520-380f-471c-91eb-642613196d36</tstamps>
    </comp>
    <comp ref="TP4">
      <value>Output Decision</value>
      <footprint>TestPoint:TestPoint_Keystone_5010-5014_Multipurpose</footprint>
      <libsource lib="Connector" part="TestPoint" description="test point"/>
      <property name="Sheetname" value=""/>
      <property name="Sheetfile" value="Project1.kicad_sch"/>
      <sheetpath names="/" tstamps="/"/>
      <tstamps>dae6355c-fc60-469c-b297-0959b9f0ce21</tstamps>
    </comp>
    <comp ref="TP5">
      <value>weak triangle</value>
      <footprint>TestPoint:TestPoint_Keystone_5010-5014_Multipurpose</footprint>
      <libsource lib="Connector" part="TestPoint" description="test point"/>
      <property name="Sheetname" value=""/>
      <property name="Sheetfile" value="Project1.kicad_sch"/>
      <sheetpath names="/" tstamps="/"/>
      <tstamps>d2499860-9152-40b6-9fe6-1ff9bc63c407</tstamps>
    </comp>
    <comp ref="TP6">
      <value>Amplitude Adjusted</value>
      <footprint>TestPoint:TestPoint_Keystone_5010-5014_Multipurpose</footprint>
      <libsource lib="Connector" part="TestPoint" description="test point"/>
      <property name="Sheetname" value=""/>
      <property name="Sheetfile" value="Project1.kicad_sch"/>
      <sheetpath names="/" tstamps="/"/>
      <tstamps>96ed503f-8973-4573-95c8-5aac49694893</tstamps>
    </comp>
    <comp ref="TP7">
      <value>weak square</value>
      <footprint>TestPoint:TestPoint_Keystone_5010-5014_Multipurpose</footprint>
      <libsource lib="Connector" part="TestPoint" description="test point"/>
      <property name="Sheetname" value=""/>
      <property name="Sheetfile" value="Project1.kicad_sch"/>
      <sheetpath names="/" tstamps="/"/>
      <tstamps>126a1ffc-ac09-40b2-99d6-8e07f3985129</tstamps>
    </comp>
    <comp ref="U1">
      <value>LM324</value>
      <footprint>Package_DIP:DIP-14_W7.62mm_Socket_LongPads</footprint>
      <datasheet>http://www.ti.com/lit/ds/symlink/lm2902-n.pdf</datasheet>
      <libsource lib="Amplifier_Operational" part="LM324" description="Low-Power, Quad-Operational Amplifiers, DIP-14/SOIC-14/SSOP-14"/>
      <property name="Sheetname" value=""/>
      <property name="Sheetfile" value="Project1.kicad_sch"/>
      <sheetpath names="/" tstamps="/"/>
      <tstamps>cd14999f-650b-4148-86a9-8b26c9ae7a91 a411c5d4-4106-4814-a41a-f9b100768255 9a726c17-f37c-40f1-bb9a-3fc516885bbd f9e72c4f-9627-405f-974f-f44b5e98846c 8ddb4489-5b00-4cdb-b332-a88692b531f8</tstamps>
    </comp>
    <comp ref="U2">
      <value>LM324</value>
      <footprint>Package_DIP:DIP-14_W7.62mm_Socket_LongPads</footprint>
      <datasheet>http://www.ti.com/lit/ds/symlink/lm2902-n.pdf</datasheet>
      <libsource lib="Amplifier_Operational" part="LM324" description="Low-Power, Quad-Operational Amplifiers, DIP-14/SOIC-14/SSOP-14"/>
      <property name="Sheetname" value=""/>
      <property name="Sheetfile" value="Project1.kicad_sch"/>
      <sheetpath names="/" tstamps="/"/>
      <tstamps>846c3df8-a4f0-4534-9a33-e968ac7575d4 f1c02acc-bcd8-485e-9e03-a8b937854786 43c7585b-81c2-4220-95e6-a2ac777062a6 9c850820-6398-43ad-a618-0442610153ac 1ca3f648-7507-4319-a78b-65fb64f08823</tstamps>
    </comp>
    <comp ref="U3">
      <value>NE555P</value>
      <footprint>Package_DIP:DIP-8_W7.62mm</footprint>
      <datasheet>http://www.ti.com/lit/ds/symlink/ne555.pdf</datasheet>
      <libsource lib="Timer" part="NE555P" description="Precision Timers, 555 compatible,  PDIP-8"/>
      <property name="Sheetname" value=""/>
      <property name="Sheetfile" value="Project1.kicad_sch"/>
      <sheetpath names="/" tstamps="/"/>
      <tstamps>942d9357-3934-43c5-9f24-53e5d1328c94</tstamps>
    </comp>
  </components>
  <libparts>
    <libpart lib="Amplifier_Operational" part="LM324">
      <description>Low-Power, Quad-Operational Amplifiers, DIP-14/SOIC-14/SSOP-14</description>
      <docs>http://www.ti.com/lit/ds/symlink/lm2902-n.pdf</docs>
      <footprints>
        <fp>SOIC*3.9x8.7mm*P1.27mm*</fp>
        <fp>DIP*W7.62mm*</fp>
        <fp>TSSOP*4.4x5mm*P0.65mm*</fp>
        <fp>SSOP*5.3x6.2mm*P0.65mm*</fp>
        <fp>MSOP*3x3mm*P0.5mm*</fp>
      </footprints>
      <fields>
        <field name="Reference">U</field>
        <field name="Value">LM324</field>
        <field name="Datasheet">http://www.ti.com/lit/ds/symlink/lm2902-n.pdf</field>
      </fields>
      <pins>
        <pin num="1" name="" type="output"/>
        <pin num="2" name="-" type="input"/>
        <pin num="3" name="+" type="input"/>
        <pin num="4" name="V+" type="power_in"/>
        <pin num="5" name="+" type="input"/>
        <pin num="6" name="-" type="input"/>
        <pin num="7" name="" type="output"/>
        <pin num="8" name="" type="output"/>
        <pin num="9" name="-" type="input"/>
        <pin num="10" name="+" type="input"/>
        <pin num="11" name="V-" type="power_in"/>
        <pin num="12" name="+" type="input"/>
        <pin num="13" name="-" type="input"/>
        <pin num="14" name="" type="output"/>
      </pins>
    </libpart>
    <libpart lib="Connector" part="Conn_01x02_Male">
      <description>Generic connector, single row, 01x02, script generated (kicad-library-utils/schlib/autogen/connector/)</description>
      <docs>~</docs>
      <footprints>
        <fp>Connector*:*_1x??_*</fp>
      </footprints>
      <fields>
        <field name="Reference">J</field>
        <field name="Value">Conn_01x02_Male</field>
        <field name="Datasheet">~</field>
      </fields>
      <pins>
        <pin num="1" name="Pin_1" type="passive"/>
        <pin num="2" name="Pin_2" type="passive"/>
      </pins>
    </libpart>
    <libpart lib="Connector" part="Conn_01x03_Female">
      <description>Generic connector, single row, 01x03, script generated (kicad-library-utils/schlib/autogen/connector/)</description>
      <docs>~</docs>
      <footprints>
        <fp>Connector*:*_1x??_*</fp>
      </footprints>
      <fields>
        <field name="Reference">J</field>
        <field name="Value">Conn_01x03_Female</field>
        <field name="Datasheet">~</field>
      </fields>
      <pins>
        <pin num="1" name="Pin_1" type="passive"/>
        <pin num="2" name="Pin_2" type="passive"/>
        <pin num="3" name="Pin_3" type="passive"/>
      </pins>
    </libpart>
    <libpart lib="Connector" part="TestPoint">
      <description>test point</description>
      <docs>~</docs>
      <footprints>
        <fp>Pin*</fp>
        <fp>Test*</fp>
      </footprints>
      <fields>
        <field name="Reference">TP</field>
        <field name="Value">TestPoint</field>
        <field name="Datasheet">~</field>
      </fields>
      <pins>
        <pin num="1" name="1" type="passive"/>
      </pins>
    </libpart>
    <libpart lib="Device" part="C_Small">
      <description>Unpolarized capacitor, small symbol</description>
      <docs>~</docs>
      <footprints>
        <fp>C_*</fp>
      </footprints>
      <fields>
        <field name="Reference">C</field>
        <field name="Value">C_Small</field>
        <field name="Datasheet">~</field>
      </fields>
      <pins>
        <pin num="1" name="" type="passive"/>
        <pin num="2" name="" type="passive"/>
      </pins>
    </libpart>
    <libpart lib="Device" part="R_Potentiometer_US">
      <description>Potentiometer, US symbol</description>
      <docs>~</docs>
      <footprints>
        <fp>Potentiometer*</fp>
      </footprints>
      <fields>
        <field name="Reference">RV</field>
        <field name="Value">R_Potentiometer_US</field>
        <field name="Datasheet">~</field>
      </fields>
      <pins>
        <pin num="1" name="1" type="passive"/>
        <pin num="2" name="2" type="passive"/>
        <pin num="3" name="3" type="passive"/>
      </pins>
    </libpart>
    <libpart lib="Device" part="R_US">
      <description>Resistor, US symbol</description>
      <docs>~</docs>
      <footprints>
        <fp>R_*</fp>
      </footprints>
      <fields>
        <field name="Reference">R</field>
        <field name="Value">R_US</field>
        <field name="Datasheet">~</field>
      </fields>
      <pins>
        <pin num="1" name="" type="passive"/>
        <pin num="2" name="" type="passive"/>
      </pins>
    </libpart>
    <libpart lib="Switch" part="SW_DP3T">
      <description>Switch, three position, dual pole triple throw, 3 position switch, SP3T</description>
      <docs>~</docs>
      <footprints>
        <fp>SW*</fp>
        <fp>DP3T*</fp>
      </footprints>
      <fields>
        <field name="Reference">SW</field>
        <field name="Value">SW_DP3T</field>
        <field name="Datasheet">~</field>
      </fields>
      <pins>
        <pin num="1" name="1" type="passive"/>
        <pin num="2" name="2" type="passive"/>
        <pin num="3" name="3" type="passive"/>
        <pin num="4" name="4" type="passive"/>
        <pin num="5" name="5" type="passive"/>
        <pin num="6" name="6" type="passive"/>
        <pin num="7" name="7" type="passive"/>
        <pin num="8" name="8" type="passive"/>
      </pins>
    </libpart>
    <libpart lib="Switch" part="SW_DPDT_x2">
      <description>Switch, dual pole double throw, separate symbols</description>
      <docs>~</docs>
      <footprints>
        <fp>SW*DPDT*</fp>
      </footprints>
      <fields>
        <field name="Reference">SW</field>
        <field name="Value">SW_DPDT_x2</field>
        <field name="Datasheet">~</field>
      </fields>
      <pins>
        <pin num="1" name="A" type="passive"/>
        <pin num="2" name="B" type="passive"/>
        <pin num="3" name="C" type="passive"/>
        <pin num="4" name="A" type="passive"/>
        <pin num="5" name="B" type="passive"/>
        <pin num="6" name="C" type="passive"/>
      </pins>
    </libpart>
    <libpart lib="Timer" part="NE555P">
      <description>Precision Timers, 555 compatible,  PDIP-8</description>
      <docs>http://www.ti.com/lit/ds/symlink/ne555.pdf</docs>
      <footprints>
        <fp>DIP*W7.62mm*</fp>
      </footprints>
      <fields>
        <field name="Reference">U</field>
        <field name="Value">NE555P</field>
        <field name="Footprint">Package_DIP:DIP-8_W7.62mm</field>
        <field name="Datasheet">http://www.ti.com/lit/ds/symlink/ne555.pdf</field>
      </fields>
      <pins>
        <pin num="1" name="GND" type="power_in"/>
        <pin num="2" name="TR" type="input"/>
        <pin num="3" name="Q" type="output"/>
        <pin num="4" name="R" type="input"/>
        <pin num="5" name="CV" type="input"/>
        <pin num="6" name="THR" type="input"/>
        <pin num="7" name="DIS" type="input"/>
        <pin num="8" name="VCC" type="power_in"/>
      </pins>
    </libpart>
  </libparts>
  <libraries>
    <library logical="Amplifier_Operational">
      <uri>C:\Program Files\KiCad\6.0\share\kicad\symbols\/Amplifier_Operational.kicad_sym</uri>
    </library>
    <library logical="Connector">
      <uri>C:\Program Files\KiCad\6.0\share\kicad\symbols\/Connector.kicad_sym</uri>
    </library>
    <library logical="Device">
      <uri>C:\Program Files\KiCad\6.0\share\kicad\symbols\/Device.kicad_sym</uri>
    </library>
    <library logical="Switch">
      <uri>C:\Program Files\KiCad\6.0\share\kicad\symbols\/Switch.kicad_sym</uri>
    </library>
    <library logical="Timer">
      <uri>C:\Program Files\KiCad\6.0\share\kicad\symbols\/Timer.kicad_sym</uri>
    </library>
  </libraries>
  <nets>
    <net code="1" name="+6V">
      <node ref="J1" pin="3" pinfunction="Pin_3" pintype="passive"/>
      <node ref="RV3" pin="1" pinfunction="1" pintype="passive"/>
      <node ref="U1" pin="4" pinfunction="V+" pintype="power_in"/>
      <node ref="U2" pin="4" pinfunction="V+" pintype="power_in"/>
      <node ref="U3" pin="8" pinfunction="VCC" pintype="power_in"/>
    </net>
    <net code="2" name="-6V">
      <node ref="J1" pin="1" pinfunction="Pin_1" pintype="passive"/>
      <node ref="R11" pin="2" pintype="passive"/>
      <node ref="U1" pin="11" pinfunction="V-" pintype="power_in"/>
      <node ref="U1" pin="5" pinfunction="+" pintype="input"/>
      <node ref="U2" pin="11" pinfunction="V-" pintype="power_in"/>
      <node ref="U2" pin="3" pinfunction="+" pintype="input"/>
      <node ref="U3" pin="1" pinfunction="GND" pintype="power_in"/>
    </net>
    <net code="3" name="GND">
      <node ref="C1" pin="1" pintype="passive"/>
      <node ref="C3" pin="1" pintype="passive"/>
      <node ref="J1" pin="2" pinfunction="Pin_2" pintype="passive"/>
      <node ref="J2" pin="1" pinfunction="Pin_1" pintype="passive"/>
      <node ref="SW2" pin="3" pinfunction="C" pintype="passive"/>
      <node ref="U1" pin="10" pinfunction="+" pintype="input"/>
      <node ref="U1" pin="12" pinfunction="+" pintype="input"/>
      <node ref="U2" pin="10" pinfunction="+" pintype="input"/>
      <node ref="U2" pin="5" pinfunction="+" pintype="input"/>
    </net>
    <net code="4" name="Net-(C1-Pad2)">
      <node ref="C1" pin="2" pintype="passive"/>
      <node ref="C3" pin="2" pintype="passive"/>
      <node ref="R1" pin="2" pintype="passive"/>
      <node ref="R3" pin="1" pintype="passive"/>
    </net>
    <net code="5" name="Net-(C2-Pad1)">
      <node ref="C2" pin="1" pintype="passive"/>
      <node ref="C4" pin="1" pintype="passive"/>
      <node ref="RV1" pin="2" pinfunction="2" pintype="passive"/>
      <node ref="U2" pin="2" pinfunction="-" pintype="input"/>
    </net>
    <net code="6" name="Net-(C2-Pad2)">
      <node ref="C2" pin="2" pintype="passive"/>
      <node ref="C4" pin="2" pintype="passive"/>
      <node ref="R6" pin="1" pintype="passive"/>
      <node ref="U2" pin="1" pintype="output"/>
    </net>
    <net code="7" name="Net-(R2-Pad2)">
      <node ref="R2" pin="2" pintype="passive"/>
      <node ref="R4" pin="1" pintype="passive"/>
      <node ref="U1" pin="9" pinfunction="-" pintype="input"/>
    </net>
    <net code="8" name="Net-(R5-Pad1)">
      <node ref="R3" pin="2" pintype="passive"/>
      <node ref="R5" pin="1" pintype="passive"/>
      <node ref="U1" pin="13" pinfunction="-" pintype="input"/>
    </net>
    <net code="9" name="Net-(R6-Pad2)">
      <node ref="R6" pin="2" pintype="passive"/>
      <node ref="R8" pin="1" pintype="passive"/>
      <node ref="U1" pin="6" pinfunction="-" pintype="input"/>
    </net>
    <net code="10" name="Net-(R7-Pad1)">
      <node ref="R7" pin="1" pintype="passive"/>
      <node ref="SW2" pin="1" pinfunction="A" pintype="passive"/>
    </net>
    <net code="11" name="Net-(R7-Pad2)">
      <node ref="R7" pin="2" pintype="passive"/>
      <node ref="RV2" pin="1" pinfunction="1" pintype="passive"/>
      <node ref="U2" pin="6" pinfunction="-" pintype="input"/>
    </net>
    <net code="12" name="Net-(R9-Pad2)">
      <node ref="R9" pin="2" pintype="passive"/>
      <node ref="U3" pin="4" pinfunction="R" pintype="input"/>
    </net>
    <net code="13" name="Net-(R10-Pad1)">
      <node ref="R10" pin="1" pintype="passive"/>
      <node ref="R11" pin="1" pintype="passive"/>
      <node ref="R12" pin="2" pintype="passive"/>
      <node ref="RV3" pin="2" pinfunction="2" pintype="passive"/>
      <node ref="U2" pin="9" pinfunction="-" pintype="input"/>
    </net>
    <net code="14" name="Net-(R10-Pad2)">
      <node ref="R10" pin="2" pintype="passive"/>
      <node ref="RV2" pin="2" pinfunction="2" pintype="passive"/>
      <node ref="TP6" pin="1" pinfunction="1" pintype="passive"/>
      <node ref="U2" pin="7" pintype="output"/>
    </net>
    <net code="15" name="Net-(SW1-Pad3)">
      <node ref="SW1" pin="3" pinfunction="3" pintype="passive"/>
      <node ref="SW2" pin="2" pinfunction="B" pintype="passive"/>
      <node ref="TP4" pin="1" pinfunction="1" pintype="passive"/>
    </net>
    <net code="16" name="output_waveform">
      <node ref="J2" pin="2" pinfunction="Pin_2" pintype="passive"/>
      <node ref="R12" pin="1" pintype="passive"/>
      <node ref="U2" pin="8" pintype="output"/>
    </net>
    <net code="17" name="sine_wave">
      <node ref="R5" pin="2" pintype="passive"/>
      <node ref="SW1" pin="1" pinfunction="1" pintype="passive"/>
      <node ref="TP3" pin="1" pinfunction="1" pintype="passive"/>
      <node ref="U1" pin="14" pintype="output"/>
    </net>
    <net code="18" name="square_wave">
      <node ref="SW1" pin="4" pinfunction="4" pintype="passive"/>
      <node ref="TP1" pin="1" pinfunction="1" pintype="passive"/>
      <node ref="U1" pin="1" pintype="output"/>
      <node ref="U1" pin="2" pinfunction="-" pintype="input"/>
    </net>
    <net code="19" name="square_wave_weak">
      <node ref="RV1" pin="1" pinfunction="1" pintype="passive"/>
      <node ref="TP7" pin="1" pinfunction="1" pintype="passive"/>
      <node ref="U1" pin="3" pinfunction="+" pintype="input"/>
      <node ref="U3" pin="3" pinfunction="Q" pintype="output"/>
    </net>
    <net code="20" name="triangle_wave">
      <node ref="R1" pin="1" pintype="passive"/>
      <node ref="R4" pin="2" pintype="passive"/>
      <node ref="SW1" pin="2" pinfunction="2" pintype="passive"/>
      <node ref="TP2" pin="1" pinfunction="1" pintype="passive"/>
      <node ref="U1" pin="8" pintype="output"/>
    </net>
    <net code="21" name="triangle_weak">
      <node ref="R2" pin="1" pintype="passive"/>
      <node ref="R8" pin="2" pintype="passive"/>
      <node ref="R9" pin="1" pintype="passive"/>
      <node ref="TP5" pin="1" pinfunction="1" pintype="passive"/>
      <node ref="U1" pin="7" pintype="output"/>
      <node ref="U3" pin="2" pinfunction="TR" pintype="input"/>
      <node ref="U3" pin="6" pinfunction="THR" pintype="input"/>
    </net>
    <net code="22" name="unconnected-(RV1-Pad3)">
      <node ref="RV1" pin="3" pinfunction="3" pintype="passive+no_connect"/>
    </net>
    <net code="23" name="unconnected-(RV2-Pad3)">
      <node ref="RV2" pin="3" pinfunction="3" pintype="passive+no_connect"/>
    </net>
    <net code="24" name="unconnected-(RV3-Pad3)">
      <node ref="RV3" pin="3" pinfunction="3" pintype="passive+no_connect"/>
    </net>
    <net code="25" name="unconnected-(U2-Pad12)">
      <node ref="U2" pin="12" pinfunction="+" pintype="input+no_connect"/>
    </net>
    <net code="26" name="unconnected-(U2-Pad13)">
      <node ref="U2" pin="13" pinfunction="-" pintype="input+no_connect"/>
    </net>
    <net code="27" name="unconnected-(U2-Pad14)">
      <node ref="U2" pin="14" pintype="output+no_connect"/>
    </net>
    <net code="28" name="unconnected-(U3-Pad5)">
      <node ref="U3" pin="5" pinfunction="CV" pintype="input+no_connect"/>
    </net>
    <net code="29" name="unconnected-(U3-Pad7)">
      <node ref="U3" pin="7" pinfunction="DIS" pintype="input+no_connect"/>
    </net>
  </nets>
</export>
